start_ts,end_ts,duration_ms,start_fmt,end_fmt
1763943602028,1763943849519,247491,2025-11-24T00:20:02.028+00:00,2025-11-24T00:24:09.519+00:00
1763943602028,1763944172762,570734,2025-11-24T00:20:02.028+00:00,2025-11-24T00:29:32.762+00:00
1763943602028,1763944350695,748667,2025-11-24T00:20:02.028+00:00,2025-11-24T00:32:30.695+00:00
1763943602028,1763944681587,1079559,2025-11-24T00:20:02.028+00:00,2025-11-24T00:38:01.587+00:00
1763943602028,1763944906353,1304325,2025-11-24T00:20:02.028+00:00,2025-11-24T00:41:46.353+00:00
1763943602028,1763944934679,1332651,2025-11-24T00:20:02.028+00:00,2025-11-24T00:42:14.679+00:00
1763943602028,1763945070704,1468676,2025-11-24T00:20:02.028+00:00,2025-11-24T00:44:30.704+00:00
1763943602028,1763945792877,2190849,2025-11-24T00:20:02.028+00:00,2025-11-24T00:56:32.877+00:00
1763957595816,1763957634925,39109,2025-11-24T04:13:15.816+00:00,2025-11-24T04:13:54.925+00:00
1763943602028,1763989217602,45615574,2025-11-24T00:20:02.028+00:00,2025-11-24T13:00:17.602+00:00
1763943602028,1764017451773,73849745,2025-11-24T00:20:02.028+00:00,2025-11-24T20:50:51.773+00:00
1763943602028,1764017881990,74279962,2025-11-24T00:20:02.028+00:00,2025-11-24T20:58:01.990+00:00
1764064840178,1764064848712,8534,2025-11-25T10:00:40.178+00:00,2025-11-25T10:00:48.712+00:00
1763943602028,1764157771963,214169935,2025-11-24T00:20:02.028+00:00,2025-11-26T11:49:31.963+00:00
